{
	"AAfire": {
		"category" : "player",
		"sounds" : [ "flansmod:AAfire" ]
	},
	
		"ACRShoot": {
		"category" : "player",
		"sounds" : [ "flansmod:ACRShoot" ]
	},

	
	"bomb": {
		"category" : "player",
		"sounds" : [ "flansmod:bomb" ]
	},
	
	"bullet": {
		"category" : "player",
		"sounds" : [ "flansmod:bullet" ]
	},
	
	"bulletHit": {
		"category" : "player",
		"sounds" : [ "flansmod:bulletHit" ]
	},
	
	"Engine": {
		"category" : "player",
		"sounds" : [ "flansmod:Engine" ]
	},
	
	"Flak": {
		"category" : "player",
		"sounds" : [ "flansmod:Flak" ]
	},
	
	"propSound": {
		"category" : "player",
		"sounds" : [ "flansmod:propSound" ]
	},
	
	"propStart": {
		"category" : "player",
		"sounds" : [ "flansmod:propStart" ]
	},
	
	"TankShell": {
		"category" : "player",
		"sounds" : [ "flansmod:TankShell" ]
	},
	
	"BARReload": {
		"category" : "player",
		"sounds" : [ "flansmod:BARReload" ]
	},
	
	"BARShoot": {
		"category" : "player",
		"sounds" : [ "flansmod:BARShoot" ]
	},
	
	"bazookaReload": {
		"category" : "player",
		"sounds" : [ "flansmod:bazookaReload" ]
	},
	
	"bazookaShoot": {
		"category" : "player",
		"sounds" : [ "flansmod:bazookaShoot" ]
	},
	
	"BrenReload": {
		"category" : "player",
		"sounds" : [ "flansmod:BrenReload" ]
	},
	
	"BrenShoot": {
		"category" : "player",
		"sounds" : [ "flansmod:BrenShoot" ]
	},
	
	"BrowningReload": {
		"category" : "player",
		"sounds" : [ "flansmod:BrowningReload" ]
	},
	
	"BrowningShoot": {
		"category" : "player",
		"sounds" : [ "flansmod:BrowningShoot" ]
	},
	
	"ColtReload": {
		"category" : "player",
		"sounds" : [ "flansmod:ColtReload" ]
	},
	
	"coltShoot": {
		"category" : "player",
		"sounds" : [ "flansmod:coltShoot" ]
	},
	
	"DP28Reload": {
		"category" : "player",
		"sounds" : [ "flansmod:DP28Reload" ]
	},
	
	"DP28Shoot": {
		"category" : "player",
		"sounds" : [ "flansmod:DP28Shoot" ]
	},
	
	"FlakvierlingShoot": {
		"category" : "player",
		"sounds" : [ "flansmod:FlakvierlingShoot" ]
	},
	
	"kar98kReload": {
		"category" : "player",
		"sounds" : [ "flansmod:kar98kReload" ]
	},
	
	"kar98kShoot": {
		"category" : "player",
		"sounds" : [ "flansmod:kar98kShoot" ]
	},
	
	"kar98kSniperReload": {
		"category" : "player",
		"sounds" : [ "flansmod:kar98kSniperReload" ]
	},
	
	"kar98kSniperShoot": {
		"category" : "player",
		"sounds" : [ "flansmod:kar98kSniperShoot" ]
	},
	
	"LancasterProp": {
		"category" : "player",
		"sounds" : [ "flansmod:LancasterProp" ]
	},
	
	"leeEnfieldReload": {
		"category" : "player",
		"sounds" : [ "flansmod:leeEnfieldReload" ]
	},
	
	"leeEnfieldShoot": {
		"category" : "player",
		"sounds" : [ "flansmod:leeEnfieldShoot" ]
	},
	
	"lugerReload": {
		"category" : "player",
		"sounds" : [ "flansmod:lugerReload" ]
	},
	
	"lugerShoot": {
		"category" : "player",
		"sounds" : [ "flansmod:lugerShoot" ]
	},
	
	"m1carbineReload": {
		"category" : "player",
		"sounds" : [ "flansmod:m1carbineReload" ]
	},
	
	"m1carbineShoot": {
		"category" : "player",
		"sounds" : [ "flansmod:m1carbineShoot" ]
	},
	
	"m1garandReload": {
		"category" : "player",
		"sounds" : [ "flansmod:m1garandReload" ]
	},
	
	"m1garandShoot": {
		"category" : "player",
		"sounds" : [ "flansmod:m1garandShoot" ]
	},
	
	"MG42Reload": {
		"category" : "player",
		"sounds" : [ "flansmod:MG42Reload" ]
	},
	
	"MG42Shoot": {
		"category" : "player",
		"sounds" : [ "flansmod:MG42Shoot" ]
	},
	
	"MosinNagantShoot": {
		"category" : "player",
		"sounds" : [ "flansmod:MosinNagantShoot" ]
	},
	
	"MosinNagantSniperShoot": {
		"category" : "player",
		"sounds" : [ "flansmod:MosinNagantSniperShoot" ]
	},
	
	"MP40Reload": {
		"category" : "player",
		"sounds" : [ "flansmod:MP40Reload" ]
	},
	
	"mp40Shoot": {
		"category" : "player",
		"sounds" : [ "flansmod:mp40Shoot" ]
	},
	
	"MP44Reload": {
		"category" : "player",
		"sounds" : [ "flansmod:MP44Reload" ]
	},
	
	"MP44Shoot": {
		"category" : "player",
		"sounds" : [ "flansmod:MP44Shoot" ]
	},
	
	"PlaneShoot": {
		"category" : "player",
		"sounds" : [ "flansmod:PlaneShoot" ]
	},
	
	"PPSHReload": {
		"category" : "player",
		"sounds" : [ "flansmod:PPSHReload" ]
	},
	
	"PPSHShoot": {
		"category" : "player",
		"sounds" : [ "flansmod:PPSHShoot" ]
	},
	
	"springfieldReload": {
		"category" : "player",
		"sounds" : [ "flansmod:springfieldReload" ]
	},
	
	"springfieldShoot": {
		"category" : "player",
		"sounds" : [ "flansmod:springfieldShoot" ]
	},
	
	"stenReload": {
		"category" : "player",
		"sounds" : [ "flansmod:stenReload" ]
	},
	
	"stenShoot": {
		"category" : "player",
		"sounds" : [ "flansmod:stenShoot" ]
	},
	
	"ThompsonReload": {
		"category" : "player",
		"sounds" : [ "flansmod:ThompsonReload" ]
	},
	
	"thompsonShoot": {
		"category" : "player",
		"sounds" : [ "flansmod:thompsonShoot" ]
	},
	
	"TT33Reload": {
		"category" : "player",
		"sounds" : [ "flansmod:TT33Reload" ]
	},
	
	"TT33Shoot": {
		"category" : "player",
		"sounds" : [ "flansmod:TT33Shoot" ]
	},
	
	"Type38Shoot": {
		"category" : "player",
		"sounds" : [ "flansmod:Type38Shoot" ]
	},
	
	"Type99Shoot": {
		"category" : "player",
		"sounds" : [ "flansmod:Type99Shoot" ]
	},
	
	"Type100Reload": {
		"category" : "player",
		"sounds" : [ "flansmod:Type100Reload" ]
	},
	
	"Type100Shoot": {
		"category" : "player",
		"sounds" : [ "flansmod:Type100Shoot" ]
	},
	
	"Fg42Reload": {
		"category" : "player",
		"sounds" : [ "flansmod:Fg42Reload" ]
	},
	
	"Fg42Shoot": {
		"category" : "player",
		"sounds" : [ "flansmod:Fg42Shoot" ]
	},
	
	"M3A1Reload": {
		"category" : "player",
		"sounds" : [ "flansmod:M3A1Reload" ]
	},
	
	"M3A1Shoot": {
		"category" : "player",
		"sounds" : [ "flansmod:M3A1Shoot" ]
	},
	
	"webleyReload": {
		"category" : "player",
		"sounds" : [ "flansmod:webleyReload" ]
	},
	
	"webleyShoot": {
		"category" : "player",
		"sounds" : [ "flansmod:webleyShoot" ]
		
	},
	
	"Tank1Shoot": {
		"category" : "player",
		"sounds" : [ "flansmod:Tank1Shoot" ]
	},
	
	"Tank2Shoot": {
		"category" : "player",
		"sounds" : [ "flansmod:Tank2Shoot" ]
	},
	
	"Tank3Shoot": {
		"category" : "player",
		"sounds" : [ "flansmod:Tank3Shoot" ]
	},
	
	"Tank4Shoot": {
		"category" : "player",
		"sounds" : [ "flansmod:Tank4Shoot" ]
	},
	
	"Tank1Reload": {
		"category" : "player",
		"sounds" : [ "flansmod:Tank1Reload" ]
	},	
			
	"TankMove": {
		"category" : "player",
		"sounds" : [ "flansmod:TankMove" ]
	},
	
	"TankIdle": {
		"category" : "player",
		"sounds" : [ "flansmod:TankIdle" ]
	},
	
	"Flak1Shoot": {
		"category" : "player",
		"sounds" : [ "flansmod:Flak1Shoot" ]
	},
	
	"FlamethrowerWarmup": {
		"category" : "player",
		"sounds" : [ "flansmod:FlamethrowerWarmup" ]
	},
	
	"FlamethrowerLoop": {
		"category" : "player",
		"sounds" : [ "flansmod:FlamethrowerLoop" ]
	},
	
	"FlamethrowerCooldown": {
		"category" : "player",
		"sounds" : [ "flansmod:FlamethrowerCooldown" ]
	},
	
	"gewehr43Shoot": {
		"category" : "player",
		"sounds" : [ "gewehr43Shoot" ]
	},		
		
	"AK47Shoot": {
		"category" : "player",
		"sounds" : [ "flansmod:AK47Shoot" ]
	},
	
	"AKMShoot": {
		"category" : "player",
		"sounds" : [ "flansmod:AKMShoot" ]
	},
	
	"AK74Shoot": {
		"category" : "player",
		"sounds" : [ "flansmod:AK74Shoot" ]
	},
	
	"BarrettShoot": {
		"category" : "player",
		"sounds" : [ "flansmod:BarrettShoot" ]
	},
	
	"DesertEagleShoot": {
		"category" : "player",
		"sounds" : [ "flansmod:DesertEagleShoot" ]
	},
	
	"DragunovShoot": {
		"category" : "player",
		"sounds" : [ "flansmod:DragunovShoot" ]
	},
	
	"G36Shoot": {
		"category" : "player",
		"sounds" : [ "flansmod:G36Shoot" ]
	},
	
	"L96Shoot": {
		"category" : "player",
		"sounds" : [ "flansmod:L96Shoot" ]
	},
	
	"M1CarbineReload": {
		"category" : "player",
		"sounds" : [ "flansmod:M1CarbineReload" ]
	},
	
	"M9Shoot": {
		"category" : "player",
		"sounds" : [ "flansmod:M9Shoot" ]
	},
	
	"M14Shoot": {
		"category" : "player",
		"sounds" : [ "flansmod:M14Shoot" ]
	},
	
	"M21Shoot": {
		"category" : "player",
		"sounds" : [ "flansmod:M21Shoot" ]
	},
	
	"M60Shoot": {
		"category" : "player",
		"sounds" : [ "flansmod:M60Shoot" ]
	},
	
	"M249Shoot": {
		"category" : "player",
		"sounds" : [ "flansmod:M249Shoot" ]
	},
	
	"M1014Reload": {
		"category" : "player",
		"sounds" : [ "flansmod:M1014Reload" ]
	},
	
	"M1014Shoot": {
		"category" : "player",
		"sounds" : [ "flansmod:M1014Shoot" ]
	},
	
	"MiniUziShoot": {
		"category" : "player",
		"sounds" : [ "flansmod:MiniUziShoot" ]
	},
	
	"MP5Shoot": {
		"category" : "player",
		"sounds" : [ "flansmod:MP5Shoot" ]
	},
	
	"P90Shoot": {
		"category" : "player",
		"sounds" : [ "flansmod:P90Shoot" ]
	},
	
	"R700Shoot": {
		"category" : "player",
		"sounds" : [ "flansmod:R700Shoot" ]
	},
	
	"Reload1": {
		"category" : "player",
		"sounds" : [ "flansmod:Reload1" ]
	},
	
	"RPDShoot": {
		"category" : "player",
		"sounds" : [ "flansmod:RPDShoot" ]
	},
	
	"RPGShoot": {
		"category" : "player",
		"sounds" : [ "flansmod:RPGShoot" ]
	},
	
	"SkorpionShoot": {
		"category" : "player",
		"sounds" : [ "flansmod:SkorpionShoot" ]
	},
	
	"SpringfieldReload": {
		"category" : "player",
		"sounds" : [ "flansmod:SpringfieldReload" ]
	},
	
	"USPShoot": {
		"category" : "player",
		"sounds" : [ "flansmod:USPShoot" ]
	},
	
	"W1200Reload": {
		"category" : "player",
		"sounds" : [ "flansmod:W1200Reload" ]
	},
		
	"W1200Shoot": {
		"category" : "player",
		"sounds" : [ "flansmod:W1200Shoot" ]
	},
	
	"GlockShoot": {
		"category" : "player",
		"sounds" : [ "flansmod:GlockShoot" ]
	},
	
	"SG550Shoot": {
		"category" : "player",
		"sounds" : [ "flansmod:SG550Shoot" ]
	},
	
	"AT4Shoot": {
		"category" : "player",
		"sounds" : [ "flansmod:AT4Shoot" ]
	},
	
	"MakarovShoot": {
		"category" : "player",
		"sounds" : [ "flansmod:MakarovShoot" ]
	},
	
	"SIGP229Shoot": {
		"category" : "player",
		"sounds" : [ "flansmod:MakarovShoot" ]
	},
	
	"R870Shoot": {
		"category" : "player",
		"sounds" : [ "flansmod:R870Shoot" ]
	},
	
	"FNSCARShoot": {
		"category" : "player",
		"sounds" : [ "flansmod:FNSCARShoot" ]
	},
	
	"Helicopter1": {
		"category" : "player",
		"sounds" : [ "flansmod:Helicopter1" ]
	},	
	
	"Helicopter2": {
		"category" : "player",
		"sounds" : [ "flansmod:Helicopter2" ]
	},	
	
	"HelicopterStart": {
		"category" : "player",
		"sounds" : [ "flansmod:HelicopterStart" ]
	},	
	
	"JetEngine1": {
		"category" : "player",
		"sounds" : [ "flansmod:JetEngine1" ]
	},	

	"JetEngine2": {
		"category" : "player",
		"sounds" : [ "flansmod:JetEngine2" ]
	},	

	"RocketFire1": {
		"category" : "player",
		"sounds" : [ "flansmod:RocketFire1" ]
	},	
	
	"RocketFire2": {
		"category" : "player",
		"sounds" : [ "flansmod:RocketFire2" ]
	},	
	
	"BulletHit": {
		"category" : "player",
		"sounds" : [ "flansmod:BulletHit" ]
	},	
	
	"MinigunWarmup": {
		"category" : "player",
		"sounds" : [ "flansmod:MinigunWarmup" ]
	},
	
	"MinigunSpin": {
		"category" : "player",
		"sounds" : [ "flansmod:MinigunSpin" ]
	},
	
	"MinigunCooldown": {
		"category" : "player",
		"sounds" : [ "flansmod:MinigunCooldown" ]
	},
	
		"MinigunShoot": {
		"category" : "player",
		"sounds" : [ "flansmod:MinigunShoot" ]
	},
	
		"M16A4Shoot": {
		"category" : "player",
		"sounds" : [ "flansmod:M16A4Shoot" ]
	},
	
	"M1887Shoot": {
		"category" : "player",
		"sounds" : [ "flansmod:M1887Shoot" ]
	},
	
	"M1887Reload": {
		"category" : "player",
		"sounds" : [ "flansmod:M1887Reload" ]
	},
	
	"GrenadeLauncherShoot": {
		"category" : "player",
		"sounds" : [ "flansmod:GrenadeLauncherShoot" ]
	},
	
	"GL6Reload": {
		"category" : "player",
		"sounds" : [ "flansmod:GL6Reload" ]
	},
	
	"GrenadeLauncherReload": {
		"category" : "player",
		"sounds" : [ "flansmod:GrenadeLauncherReload" ]
	},
	
	"lkw_lauf": {
		"category" : "player",
		"sounds" : [ "flansmod:lkw_lauf" ]
	},
	
	"M113Drive": {
		"category" : "player",
		"sounds" : [ "flansmod:M113Drive" ]
	},
		
	"lkw_start": {
		"category" : "player",
		"sounds" : [ "flansmod:lkw_start" ]
	},
		
	"viper": {
		"category" : "player",
		"sounds" : [ "flansmod:viper" ]
	},
	
	"TaserShoot": {
		"category" : "player",
		"sounds" : [ "flansmod:TaserShoot" ]
	},
	
	"DoubleBarrelShoot": {
		"category" : "player",
		"sounds" : [ "flansmod:DoubleBarrelShoot" ]
	},
	
	"RevolverShoot": {
		"category" : "player",
		"sounds" : [ "flansmod:RevolverShoot" ]
	},
	
		"UMPShoot": {
		"category" : "player",
		"sounds" : [ "flansmod:UMPShoot" ]
	},
	
		"SKSShoot": {
		"category" : "player",
		"sounds" : [ "flansmod:KSKShoot" ]
	}
}